SET SQL_MODE = "NO_AUTO_VALUE_ON_ZERO";
SET AUTOCOMMIT = 0;
START TRANSACTION;

-- --------------------------------------------------------

--
-- Structure de la table `famillemedic`
--

CREATE TABLE `famillemedic` (
  `FAM_CODE` varchar(255) NOT NULL,
  `FAM_LIBELLE` varchar(255),
  PRIMARY KEY (`FAM_CODE`)
) ENGINE=InnoDB;

--
-- Déchargement des données de la table `famillemedic`
--

INSERT INTO `famillemedic` (`FAM_CODE`, `FAM_LIBELLE`) VALUES
('AA', 'Antalgiques en association'),
('AAA', 'Antalgiques antipyrétiques en association'),
('AAC', 'Antidépresseur d\'action centrale'),
('AAH', 'Antivertigineux antihistaminique H1'),
('ABA', 'Antibiotique antituberculeux'),
('ABC', 'Antibiotique antiacnéique local'),
('ABP', 'Antibiotique de la famille des béta-lactamines (pénicilline A)'),
('AFC', 'Antibiotique de la famille des cyclines'),
('AFM', 'Antibiotique de la famille des macrolides'),
('AH', 'Antihistaminique H1 local'),
('AIM', 'Antidépresseur imipraminique (tricyclique)'),
('AIN', 'Antidépresseur inhibiteur sélectif de la recapture de la sérotonine'),
('ALO', 'Antibiotique local (ORL)'),
('ANS', 'Antidépresseur IMAO non sélectif'),
('AO', 'Antibiotique ophtalmique'),
('AP', 'Antipsychotique normothymique'),
('AUM', 'Antibiotique urinaire minute'),
('CRT', 'Corticoïde, antibiotique et antifongique à  usage local'),
('HYP', 'Hypnotique antihistaminique'),
('PSA', 'Psychostimulant, antiasthénique');

-- --------------------------------------------------------

--
-- Structure de la table `medicament`
--

CREATE TABLE `medicament` (
  `MED_DEPOTLEGAL` varchar(255) NOT NULL,
  `MED_NOMCOMMERCIAL` varchar(255) DEFAULT NULL,
  `MED_COMPOSITION` varchar(255) DEFAULT NULL,
  `MED_EFFETS` varchar(255) DEFAULT NULL,
  `MED_CONTREINDIC` varchar(255) DEFAULT NULL,
  `MED_PRIXECHANTILLON` double DEFAULT NULL,
  `FAM_CODE` varchar(255) NOT NULL,
  PRIMARY KEY (`MED_DEPOTLEGAL`),
  FOREIGN KEY (`FAM_CODE`) REFERENCES `famillemedic`(`FAM_CODE`)
) ENGINE=InnoDB;

--
-- Déchargement des données de la table `medicament`
--

INSERT INTO `medicament` (`MED_DEPOTLEGAL`, `MED_NOMCOMMERCIAL`, `MED_COMPOSITION`, `MED_EFFETS`, `MED_CONTREINDIC`, `MED_PRIXECHANTILLON`, `FAM_CODE`) VALUES
('3MYC7', 'TRIMYCINE', 'Triamcinolone (acétonide) + Néomycine + Nystatine', 'Médecin curieux, à recontacter en décembre pour réunion', 'Ce médicament est contre-indiqué en cas d\'allergie à  l\'un des constituants, d\'infections de la peau ou de parasitisme non traités, d\'acné. Ne pas appliquer sur une plaie, ni sous un pansement occlusif.', NULL, 'CRT'),
('ADIMOL9', 'ADIMOL', 'Amoxicilline + Acide clavulanique', 'RAS\r Changement de tel : 05 89 89 89 89', 'Ce médicament est contre-indiqué en cas d\'allergie aux pénicillines ou aux céphalosporines.', NULL, 'ABP'),
('AMOPIL7', 'AMOPIL', 'Amoxicilline', 'Ce médicament, plus puissant que les pénicillines simples, est utilisé pour traiter des infections bactériennes spécifiques.', 'Ce médicament est contre-indiqué en cas d\'allergie aux pénicillines. Il doit être administré avec prudence en cas d\'allergie aux céphalosporines.', NULL, 'ABP'),
('AMOX45', 'AMOXAR', 'Amoxicilline', 'Ce médicament, plus puissant que les pénicillines simples, est utilisé pour traiter des infections bactériennes spécifiques.', 'La prise de ce médicament peut rendre positifs les tests de dépistage du dopage.', NULL, 'ABP'),
('AMOXIG12', 'AMOXI Gé', 'Amoxicilline', 'Ce médicament, plus puissant que les pénicillines simples, est utilisé pour traiter des infections bactériennes spécifiques.', 'Ce médicament est contre-indiqué en cas d\'allergie aux pénicillines. Il doit être administré avec prudence en cas d\'allergie aux céphalosporines.', NULL, 'ABP'),
('APATOUX22', 'APATOUX Vitamine C', 'Tyrothricine + Tétracaïne + Acide ascorbique (Vitamine C)', 'Ce médicament est utilisé pour traiter les affections de la bouche et de la gorge.', 'Ce médicament est contre-indiqué en cas d\'allergie à  l\'un des constituants, en cas de phénylcétonurie et chez l\'enfant de moins de 6 ans.', NULL, 'ALO'),
('BACTIG10', 'BACTIGEL', 'Erythromycine', 'Ce médicament est utilisé en application locale pour traiter l\'acné et les infections cutanées bactériennes associées.', 'Ce médicament est contre-indiqué en cas d\'allergie aux antibiotiques de la famille des macrolides ou des lincosanides.', NULL, 'ABC'),
('BACTIV13', 'BACTIVIL', 'Erythromycine', 'Ce médicament est utilisé pour traiter des infections bactériennes spécifiques.', 'Ce médicament est contre-indiqué en cas d\'allergie aux macrolides (dont le chef de file est l\'érythromycine).', NULL, 'AFM'),
('BITALV', 'BIVALIC', 'Dextropropoxyphène + Paracétamol', 'Ce médicament est utilisé pour traiter les douleurs d\'intensité modérée ou intense.', 'Ce médicament est contre-indiqué en cas d\'allergie aux médicaments de cette famille, d\'insuffisance hépatique ou d\'insuffisance rénale.', NULL, 'AAA'),
('CARTION6', 'CARTION', 'Acide acétylsalicylique (aspirine) + Acide ascorbique (Vitamine C) + Paracétamol', 'Ce médicament est utilisé dans le traitement symptomatique de la douleur ou de la fièvre.', 'Ce médicament est contre-indiqué en cas de troubles de la coagulation (tendances aux hémorragies), d\'ulcère gastroduodénal, maladies graves du foie.', NULL, 'AAA'),
('CLAZER6', 'CLAZER', 'Clarithromycine', 'Ce médicament est utilisé pour traiter des infections bactériennes spécifiques. Il est également utilisé dans le traitement de l\'ulcère gastro-duodénal, en association avec d\'autres médicaments.', 'Ce médicament est contre-indiqué en cas d\'allergie aux macrolides (dont le chef de file est l\'érythromycine).', NULL, 'AFM'),
('DEPRIL9', 'DEPRAMIL', 'Clomipramine', 'Ce médicament est utilisé pour traiter les épisodes dépressifs sévères, certaines douleurs rebelles, les troubles obsessionnels compulsifs et certaines énurésies chez l\'enfant.', 'Ce médicament est contre-indiqué en cas de glaucome ou d\'adénome de la prostate, d\'infarctus récent, ou si vous avez reà§u un traitement par IMAO durant les 2 semaines précédentes ou en cas d\'allergie aux antidépresseurs imipraminiques.', NULL, 'AIM'),
('DIMIRTAM6', 'DIMIRTAM', 'Mirtazapine', 'Ce médicament est utilisé pour traiter les épisodes dépressifs sévères.', 'La prise de ce produit est contre-indiquée en cas de d\'allergie à  l\'un des constituants.', NULL, 'AAC'),
('DOLRIL7', 'DOLORIL', 'Acide acétylsalicylique (aspirine) + Acide ascorbique (Vitamine C) + Paracétamol', 'Ce médicament est utilisé dans le traitement symptomatique de la douleur ou de la fièvre.', 'Ce médicament est contre-indiqué en cas d\'allergie au paracétamol ou aux salicylates.', NULL, 'AAA'),
('DORNOM8', 'NORMADOR', 'Doxylamine', 'Ce médicament est utilisé pour traiter l\'insomnie chez l\'adulte.', 'Ce médicament est contre-indiqué en cas de glaucome, de certains troubles urinaires (rétention urinaire) et chez l\'enfant de moins de 15 ans.', NULL, 'HYP'),
('EQUILARX6', 'EQUILAR', 'Méclozine', 'Ce médicament est utilisé pour traiter les vertiges et pour prévenir le mal des transports.', 'Ce médicament ne doit pas être utilisé en cas d\'allergie au produit, en cas de glaucome ou de rétention urinaire.', NULL, 'AAH'),
('EVILR7', 'EVEILLOR', 'Adrafinil', 'Ce médicament est utilisé pour traiter les troubles de la vigilance et certains symptomes neurologiques chez le sujet agé.', 'Ce médicament est contre-indiqué en cas d\'allergie à  l\'un des constituants.', NULL, 'PSA'),
('INSXT5', 'INSECTIL', 'Diphénydramine', 'Ce médicament est utilisé en application locale sur les piqûres d\'insecte et l\'urticaire.', 'Ce médicament est contre-indiqué en cas d\'allergie aux antihistaminiques.', NULL, 'AH'),
('JOVAI8', 'JOVENIL', 'Josamycine', 'Ce médicament est utilisé pour traiter des infections bactériennes spécifiques.', 'Ce médicament est contre-indiqué en cas d\'allergie aux macrolides (dont le chef de file est l\'érythromycine).', NULL, 'AFM'),
('LIDOXY23', 'LIDOXYTRACINE', 'Oxytétracycline +Lidocaïne', 'Ce médicament est utilisé en injection intramusculaire pour traiter certaines infections spécifiques.', 'Ce médicament est contre-indiqué en cas d\'allergie à  l\'un des constituants. Il ne doit pas être associé aux rétinoïdes.', NULL, 'AFC'),
('LITHOR12', 'LITHORINE', 'Lithium', 'Ce médicament est indiqué dans la prévention des psychoses maniaco-dépressives ou pour traiter les états maniaques.', 'Ce médicament ne doit pas être utilisé si vous êtes allergique au lithium. Avant de prendre ce traitement, signalez à  votre médecin traitant si vous souffrez d\'insuffisance rénale, ou si vous avez un régime sans sel.', NULL, 'AP'),
('PARMOL16', 'PARMOCODEINE', 'Codéine + Paracétamol', 'Ce médicament est utilisé pour le traitement des douleurs lorsque des antalgiques simples ne sont pas assez efficaces.', 'Ce médicament est contre-indiqué en cas d\'allergie à  l\'un des constituants, chez l\'enfant de moins de 15 Kg, en cas d\'insuffisance hépatique ou respiratoire, d\'asthme, de phénylcétonurie et chez la femme qui allaite.', NULL, 'AA'),
('PHYSOI8', 'PHYSICOR', 'Sulbutiamine', 'Ce médicament est utilisé pour traiter les baisses d\'activité physique ou psychique, souvent dans un contexte de dépression.', 'Ce médicament est contre-indiqué en cas d\'allergie à  l\'un des constituants.', NULL, 'PSA'),
('PIRIZ8', 'PIRIZAN', 'Pyrazinamide', 'Ce médicament est utilisé, en association à  d\'autres antibiotiques, pour traiter la tuberculose.', 'Ce médicament est contre-indiqué en cas d\'allergie à  l\'un des constituants, d\'insuffisance rénale ou hépatique, d\'hyperuricémie ou de porphyrie.', NULL, 'ABA'),
('POMDI20', 'POMADINE', 'Bacitracine', 'Ce médicament est utilisé pour traiter les infections oculaires de la surface de l\'oeil.', 'Ce médicament est contre-indiqué en cas d\'allergie aux antibiotiques appliqués localement.', NULL, 'AO'),
('TROXT21', 'TROXADET', 'Paroxétine', 'Ce médicament est utilisé pour traiter la dépression et les troubles obsessionnels compulsifs. Il peut également être utilisé en prévention des crises de panique avec ou sans agoraphobie.', 'Ce médicament est contre-indiqué en cas d\'allergie au produit.', NULL, 'AIN'),
('TXISOL22', 'TOUXISOL Vitamine C', 'Tyrothricine + Acide ascorbique (Vitamine C)', 'Ce médicament est utilisé pour traiter les affections de la bouche et de la gorge.', 'Ce médicament est contre-indiqué en cas d\'allergie à  l\'un des constituants et chez l\'enfant de moins de 6 ans.', NULL, 'ALO'),
('URIEG6', 'URIREGUL', 'Fosfomycine trométamol', 'Ce médicament est utilisé pour traiter les infections urinaires simples chez la femme de moins de 65 ans.', 'La prise de ce médicament est contre-indiquée en cas d\'allergie à  l\'un des constituants et d\'insuffisance rénale.', NULL, 'AUM');

-- --------------------------------------------------------

--
-- Structure de la table `typepraticien`
--

CREATE TABLE `typepraticien` (
  `TYP_CODE` varchar(255) NOT NULL,
  `TYP_LIBELLE` varchar(255) DEFAULT NULL,
  `TYP_LIEU` varchar(255) DEFAULT NULL,
  PRIMARY KEY (`TYP_CODE`)
) ENGINE=InnoDB;

--
-- Déchargement des données de la table `typepraticien`
--

INSERT INTO `typepraticien` (`TYP_CODE`, `TYP_LIBELLE`, `TYP_LIEU`) VALUES
('MH', 'Médecin Hospitalier', 'Hopital ou clinique'),
('MV', 'Médecine de Ville', 'Cabinet'),
('PH', 'Pharmacien Hospitalier', 'Hopital ou clinique'),
('PO', 'Pharmacien Officine', 'Pharmacie'),
('PS', 'Personnel de santé', 'Centre paramédical');

-- --------------------------------------------------------

--
-- Structure de la table `praticien`
--

CREATE TABLE `praticien` (
  `PRA_NUM` int(11) NOT NULL,
  `PRA_NOM` varchar(255) DEFAULT NULL,
  `PRA_PRENOM` varchar(255) DEFAULT NULL,
  `PRA_ADRESSE` varchar(255) DEFAULT NULL,
  `PRA_CP` varchar(5) DEFAULT NULL,
  `PRA_VILLE` varchar(255) DEFAULT NULL,
  `PRA_COEFNOTORIETE` int(11) DEFAULT NULL,
  `TYP_CODE` varchar(255) NOT NULL,
  PRIMARY KEY (`PRA_NUM`),
  FOREIGN KEY (`TYP_CODE`) REFERENCES `typepraticien`(`TYP_CODE`)
) ENGINE=InnoDB;

--
-- Déchargement des données de la table `praticien`
--

INSERT INTO `praticien` (`PRA_NUM`, `PRA_NOM`, `PRA_PRENOM`, `PRA_ADRESSE`, `PRA_CP`, `PRA_VILLE`, `PRA_COEFNOTORIETE`, `TYP_CODE`) VALUES
(1, 'Notini', 'Alain', '114 r Authie', '85000', 'LA ROCHE SUR YON', 290, 'MH'),
(2, 'Gosselin', 'Albert', '13 r Devon', '41000', 'BLOIS', 307, 'MV'),
(3, 'Delahaye', 'André', '36 av 6 Juin', '25000', 'BESANCON', 186, 'PO'),
(4, 'Leroux', 'André', '47 av Robert Schuman', '60000', 'BEAUVAIS', 172, 'PH'),
(5, 'Desmoulins', 'Anne', '31 r St Jean', '30000', 'NIMES', 95, 'MV'),
(6, 'Mouel', 'Anne', '27 r Auvergne', '80000', 'AMIENS', 45, 'MH'),
(7, 'Desgranges-Lentz', 'Antoine', '1 r Albert de Mun', '29000', 'MORLAIX', 20, 'MV'),
(8, 'Marcouiller', 'Arnaud', '31 r St Jean', '68000', 'MULHOUSE', 397, 'PO'),
(9, 'Dupuy', 'Benoit', '9 r Demolombe', '34000', 'MONTPELLIER', 396, 'MV'),
(10, 'Lerat', 'Bernard', '31 r St Jean', '59000', 'LILLE', 258, 'PS'),
(11, 'Marçais-Lefebvre', 'Bertrand', '86Bis r Basse', '67000', 'STRASBOURG', 451, 'MV'),
(12, 'Boscher', 'Bruno', '94 r Falaise', '10000', 'TROYES', 356, 'MH'),
(13, 'Morel', 'Catherine', '21 r Chateaubriand', '75000', 'PARIS', 380, 'PS'),
(14, 'Guivarch', 'Chantal', '4 av Gén Laperrine', '45000', 'ORLEANS', 115, 'PO'),
(15, 'Bessin-Grosdoit', 'Christophe', '92 r Falaise', '6000', 'NICE', 222, 'MV'),
(16, 'Rossa', 'Claire', '14 av Thiès', '6000', 'NICE', 530, 'MV'),
(17, 'Cauchy', 'Denis', '5 av Ste Thérèse', '11000', 'NARBONNE', 459, 'MV'),
(18, 'Gaffé', 'Dominique', '9 av 1ère Armée Française', '35000', 'RENNES', 213, 'MH'),
(19, 'Guenon', 'Dominique', '98 bd Mar Lyautey', '44000', 'NANTES', 176, 'MH'),
(20, 'Prévot', 'Dominique', '29 r Lucien Nelle', '87000', 'LIMOGES', 151, 'MH'),
(21, 'Houchard', 'Eliane', '9 r Demolombe', '49100', 'ANGERS', 437, 'MV'),
(22, 'Desmons', 'Elisabeth', '51 r Bernières', '29000', 'QUIMPER', 281, 'MV'),
(23, 'Flament', 'Elisabeth', '11 r Pasteur', '35000', 'RENNES', 316, 'MV'),
(24, 'Goussard', 'Emmanuel', '9 r Demolombe', '41000', 'BLOIS', 41, 'PO'),
(25, 'Desprez', 'Eric', '9 r Vaucelles', '33000', 'BORDEAUX', 407, 'MV'),
(26, 'Coste', 'Evelyne', '29 r Lucien Nelle', '19000', 'TULLE', 442, 'MH'),
(27, 'Lefebvre', 'Frédéric', '2 pl Wurzburg', '55000', 'VERDUN', 574, 'MV'),
(28, 'Lemée', 'Frédéric', '29 av 6 Juin', '56000', 'VANNES', 326, 'MV'),
(29, 'Martin', 'Frédéric', 'Bât A 90 r Bayeux', '70000', 'VESOUL', 506, 'MV'),
(30, 'Marie', 'Frédérique', '172 r Caponière', '70000', 'VESOUL', 313, 'MH'),
(31, 'Rosenstech', 'Geneviève', '27 r Auvergne', '75000', 'PARIS', 367, 'MV'),
(32, 'Pontavice', 'Ghislaine', '8 r Gaillon', '86000', 'POITIERS', 266, 'MH'),
(33, 'Leveneur-Mosquet', 'Guillaume', '47 av Robert Schuman', '64000', 'PAU', 185, 'MV'),
(34, 'Blanchais', 'Guy', '30 r Authie', '8000', 'SEDAN', 502, 'MV'),
(35, 'Leveneur', 'Hugues', '7 pl St Gilles', '62000', 'ARRAS', 7, 'MV'),
(36, 'Mosquet', 'Isabelle', '22 r Jules Verne', '76000', 'ROUEN', 77, 'MV'),
(37, 'Giraudon', 'Jean-Christophe', '1 r Albert de Mun', '38100', 'VIENNE', 93, 'MH'),
(38, 'Marie', 'Jean-Claude', '26 r Hérouville', '69000', 'LYON', 120, 'PO'),
(39, 'Maury', 'Jean-François', '5 r Pierre Girard', '71000', 'CHALON SUR SAONE', 14, 'PO'),
(40, 'Dennel', 'Jean-Louis', '7 pl St Gilles', '28000', 'CHARTRES', 551, 'PO'),
(41, 'Ain', 'Jean-Pierre', '4 résid Olympia', '2000', 'LAON', 6, 'PO'),
(42, 'Chemery', 'Jean-Pierre', '51 pl Ancienne Boucherie', '14000', 'CAEN', 397, 'MV'),
(43, 'Comoz', 'Jean-Pierre', '35 r Auguste Lechesne', '18000', 'BOURGES', 340, 'MV'),
(44, 'Desfaudais', 'Jean-Pierre', '7 pl St Gilles', '29000', 'BREST', 72, 'MV'),
(45, 'Phan', 'Jérôme', '9 r Clos Caillet', '79000', 'NIORT', 452, 'MV'),
(46, 'Riou', 'Line', '43 bd Gén Vanier', '77000', 'MARNE LA VALLEE', 193, 'MV'),
(47, 'Chubilleau', 'Louis', '46 r Eglise', '17000', 'SAINTES', 202, 'MV'),
(48, 'Lebrun', 'Lucette', '178 r Auge', '54000', 'NANCY', 410, 'MV'),
(49, 'Goessens', 'Marc', '6 av 6 Juin', '39000', 'DOLE', 549, 'PO'),
(50, 'Laforge', 'Marc', '5 résid Prairie', '50000', 'SAINT LO', 265, 'MH'),
(51, 'Millereau', 'Marc', '36 av 6 Juin', '72000', 'LA FERTE BERNARD', 430, 'MH'),
(52, 'Dauverne', 'Marie-Christine', '69 av Charlemagne', '21000', 'DIJON', 281, 'MH'),
(53, 'Vittorio', 'Myriam', '3 pl Champlain', '94000', 'BOISSY SAINT LEGER', 356, 'MH'),
(54, 'Lapasset', 'Nhieu', '31 av 6 Juin', '52000', 'CHAUMONT', 107, 'MH'),
(55, 'Plantet-Besnier', 'Nicole', '10 av 1ère Armée Française', '86000', 'CHATELLEREAULT', 370, 'MH'),
(56, 'Chubilleau', 'Pascal', '3 r Hastings', '15000', 'AURRILLAC', 291, 'MH'),
(57, 'Robert', 'Pascal', '31 r St Jean', '93000', 'BOBIGNY', 162, 'PO'),
(58, 'Jean', 'Pascale', '114 r Authie', '49100', 'SAUMUR', 376, 'PO'),
(59, 'Chanteloube', 'Patrice', '14 av Thiès', '13000', 'MARSEILLE', 478, 'PO'),
(60, 'Lecuirot', 'Patrice', 'résid St Pères 55 r Pigacière', '54000', 'NANCY', 240, 'PO'),
(61, 'Gandon', 'Patrick', '47 av Robert Schuman', '37000', 'TOURS', 599, 'MV'),
(62, 'Mirouf', 'Patrick', '22 r Puits Picard', '74000', 'ANNECY', 458, 'MV'),
(63, 'Boireaux', 'Philippe', '14 av Thiès', '10000', 'CHALON EN CHAMPAGNE', 454, 'MV'),
(64, 'Cendrier', 'Philippe', '7 pl St Gilles', '12000', 'RODEZ', 164, 'MV'),
(65, 'Duhamel', 'Philippe', '114 r Authie', '34000', 'MONTPELLIER', 99, 'MV'),
(66, 'Grigy', 'Philippe', '15 r Mélingue', '44000', 'CLISSON', 285, 'MV'),
(67, 'Linard', 'Philippe', '1 r Albert de Mun', '81000', 'ALBI', 486, 'MV'),
(68, 'Lozier', 'Philippe', '8 r Gaillon', '31000', 'TOULOUSE', 48, 'MV'),
(69, 'Dechâtre', 'Pierre', '63 av Thiès', '23000', 'MONTLUCON', 254, 'MV'),
(70, 'Goessens', 'Pierre', '22 r Jean Romain', '40000', 'MONT DE MARSAN', 426, 'MV'),
(71, 'Leménager', 'Pierre', '39 av 6 Juin', '57000', 'METZ', 119, 'MV'),
(72, 'Née', 'Pierre', '39 av 6 Juin', '82000', 'MONTAUBAN', 73, 'MV'),
(73, 'Guyot', 'Pierre-Laurent', '43 bd Gén Vanier', '48000', 'MENDE', 352, 'MV'),
(74, 'Chauchard', 'Roger', '9 r Vaucelles', '13000', 'MARSEILLE', 552, 'MV'),
(75, 'Mabire', 'Roland', '11 r Boutiques', '67000', 'STRASBOURG', 422, 'MV'),
(76, 'Leroy', 'Soazig', '45 r Boutiques', '61000', 'ALENCON', 571, 'MV'),
(77, 'Guyot', 'Stéphane', '26 r Hérouville', '46000', 'FIGEAC', 29, 'MV'),
(78, 'Delposen', 'Sylvain', '39 av 6 Juin', '27000', 'DREUX', 292, 'PO'),
(79, 'Rault', 'Sylvie', '15 bd Richemond', '2000', 'SOISSON', 527, 'PO'),
(80, 'Renouf', 'Sylvie', '98 bd Mar Lyautey', '88000', 'EPINAL', 425, 'PO'),
(81, 'Alliet-Grach', 'Thierry', '14 av Thiès', '7000', 'PRIVAS', 451, 'MV'),
(82, 'Bayard', 'Thierry', '92 r Falaise', '42000', 'SAINT ETIENNE', 272, 'MV'),
(83, 'Gauchet', 'Thierry', '7 r Desmoueux', '38100', 'GRENOBLE', 406, 'MV'),
(84, 'Bobichon', 'Tristan', '219 r Caponière', '9000', 'FOIX', 218, 'MH'),
(85, 'Duchemin-Laniel', 'Véronique', '130 r St Jean', '33000', 'LIBOURNE', 266, 'PO'),
(86, 'Laurent', 'Younès', '34 r Demolombe', '53000', 'MAYENNE', 496, 'MV');

-- --------------------------------------------------------

--
-- Structure de la table `visiteur`
--

CREATE TABLE `visiteur` (
  `VIS_MATRICULE` varchar(255) NOT NULL,
  `VIS_NOM` varchar(255) DEFAULT NULL,
  `VIS_PRENOM` varchar(255) DEFAULT NULL,
  `VIS_ADRESSE` varchar(255) DEFAULT NULL,
  `VIS_CP` varchar(5) DEFAULT NULL,
  `VIS_VILLE` varchar(255) DEFAULT NULL,
  `VIS_DATEEMBAUCHE` datetime DEFAULT NULL,
  PRIMARY KEY (`VIS_MATRICULE`)
) ENGINE=InnoDB;

--
-- Déchargement des données de la table `visiteur`
--

INSERT INTO `visiteur` (`VIS_MATRICULE`, `VIS_NOM`, `VIS_PRENOM`, `VIS_ADRESSE`, `VIS_CP`, `VIS_VILLE`, `VIS_DATEEMBAUCHE`) VALUES
('a131', 'Villechalane', 'Louis', '8 cours Lafontaine', '29000', 'BREST', '1992-12-11 00:00:00'),
('a17', 'Andre', 'David', '1 r Aimon de Chissée', '38100', 'GRENOBLE', '1991-08-26 00:00:00'),
('a55', 'Bedos', 'Christian', '1 r Bénédictins', '65000', 'TARBES', '1987-07-17 00:00:00'),
('a93', 'Tusseau', 'Louis', '22 r Renou', '86000', 'POITIERS', '1999-01-02 00:00:00'),
('b13', 'Bentot', 'Pascal', '11 av 6 Juin', '67000', 'STRASBOURG', '1996-03-11 00:00:00'),
('b16', 'Bioret', 'Luc', '1 r Linne', '35000', 'RENNES', '1997-03-21 00:00:00'),
('b19', 'Bunisset', 'Francis', '10 r Nicolas Chorier', '85000', 'LA ROCHE SUR YON', '1999-01-31 00:00:00'),
('b25', 'Bunisset', 'Denise', '1 r Lionne', '49100', 'ANGERS', '1994-07-03 00:00:00'),
('b28', 'Cacheux', 'Bernard', '114 r Authie', '34000', 'MONTPELLIER', '2000-08-02 00:00:00'),
('b34', 'Cadic', 'Eric', '123 r Caponière', '41000', 'BLOIS', '1993-12-06 00:00:00'),
('b4', 'Charoze', 'Catherine', '100 pl Géants', '33000', 'BORDEAUX', '1997-09-25 00:00:00'),
('b50', 'Clepkens', 'Christophe', '12 r Fédérico Garcia Lorca', '13000', 'MARSEILLE', '1998-01-18 00:00:00'),
('b59', 'Cottin', 'Vincenne', '36 sq Capucins', '5000', 'GAP', '1995-10-21 00:00:00'),
('c14', 'Daburon', 'François', '13 r Champs Elysées', '6000', 'NICE', '1989-02-01 00:00:00'),
('c3', 'De', 'Philippe', '13 r Charles Peguy', '10000', 'TROYES', '1992-05-05 00:00:00'),
('c54', 'Debelle', 'Michel', '181 r Caponière', '88000', 'EPINAL', '1991-04-09 00:00:00'),
('d13', 'Debelle', 'Jeanne', '134 r Stalingrad', '44000', 'NANTES', '1991-12-05 00:00:00'),
('d51', 'Debroise', 'Michel', '2 av 6 Juin', '70000', 'VESOUL', '1997-11-18 00:00:00'),
('e22', 'Desmarquest', 'Nathalie', '14 r Fédérico Garcia Lorca', '54000', 'NANCY', '1989-03-24 00:00:00'),
('e24', 'Desnost', 'Pierre', '16 r Barral de Montferrat', '55000', 'VERDUN', '1993-05-17 00:00:00'),
('e39', 'Dudouit', 'Frédéric', '18 quai Xavier Jouvin', '75000', 'PARIS', '1988-04-26 00:00:00'),
('e49', 'Duncombe', 'Claude', '19 av Alsace Lorraine', '9000', 'FOIX', '1996-02-19 00:00:00'),
('e5', 'Enault-Pascreau', 'Céline', '25B r Stalingrad', '40000', 'MONT DE MARSAN', '1990-11-27 00:00:00'),
('e52', 'Eynde', 'Valérie', '3 r Henri Moissan', '76000', 'ROUEN', '1991-10-31 00:00:00'),
('f21', 'Finck', 'Jacques', 'rte Montreuil Bellay', '74000', 'ANNECY', '1993-06-08 00:00:00'),
('f39', 'Frémont', 'Fernande', '4 r Jean Giono', '69000', 'LYON', '1997-02-15 00:00:00'),
('f4', 'Gest', 'Alain', '30 r Authie', '46000', 'FIGEAC', '1994-05-03 00:00:00'),
('g19', 'Gheysen', 'Galassus', '32 bd Mar Foch', '75000', 'PARIS', '1996-01-18 00:00:00'),
('g30', 'Girard', 'Yvon', '31 av 6 Juin', '80000', 'AMIENS', '1999-03-27 00:00:00'),
('g53', 'Gombert', 'Luc', '32 r Emile Gueymard', '56000', 'VANNES', '1985-10-02 00:00:00'),
('g7', 'Guindon', 'Caroline', '40 r Mar Montgomery', '87000', 'LIMOGES', '1996-01-13 00:00:00'),
('h13', 'Guindon', 'François', '44 r Picotière', '19000', 'TULLE', '1993-05-08 00:00:00'),
('h30', 'Igigabel', 'Guy', '33 gal Arlequin', '94000', 'CRETEIL', '1998-04-26 00:00:00'),
('h35', 'Jourdren', 'Pierre', '34 av Jean Perrot', '15000', 'AURRILLAC', '1993-08-26 00:00:00'),
('h40', 'Juttard', 'Pierre-Raoul', '34 cours Jean Jaurès', '8000', 'SEDAN', '1992-11-01 00:00:00'),
('j45', 'Labouré-Morel', 'Saout', '38 cours Berriat', '52000', 'CHAUMONT', '1998-02-25 00:00:00'),
('j50', 'Landré', 'Philippe', '4 av Gén Laperrine', '59000', 'LILLE', '1992-12-16 00:00:00'),
('j8', 'Langeard', 'Hugues', '39 av Jean Perrot', '93000', 'BAGNOLET', '1998-06-18 00:00:00'),
('k4', 'Lanne', 'Bernard', '4 r Bayeux', '30000', 'NIMES', '1996-11-21 00:00:00'),
('k53', 'Le', 'Noël', '4 av Beauvert', '68000', 'MULHOUSE', '1983-03-23 00:00:00'),
('l14', 'Le', 'Jean', '39 r Raspail', '53000', 'LAVAL', '1995-02-02 00:00:00'),
('l23', 'Leclercq', 'Servane', '11 r Quinconce', '18000', 'BOURGES', '1995-06-05 00:00:00'),
('l46', 'Lecornu', 'Jean-Bernard', '4 bd Mar Foch', '72000', 'LA FERTE BERNARD', '1997-01-24 00:00:00'),
('l56', 'Lecornu', 'Ludovic', '4 r Abel Servien', '25000', 'BESANCON', '1996-02-27 00:00:00'),
('m35', 'Lejard', 'Agnès', '4 r Anthoard', '82000', 'MONTAUBAN', '1987-10-06 00:00:00'),
('m45', 'Lesaulnier', 'Pascal', '47 r Thiers', '57000', 'METZ', '1990-10-13 00:00:00'),
('n42', 'Letessier', 'Stéphane', '5 chem Capuche', '27000', 'EVREUX', '1996-03-06 00:00:00'),
('n58', 'Loirat', 'Didier', 'Les Pêchers cité Bourg la Croix', '45000', 'ORLEANS', '1992-08-30 00:00:00'),
('n59', 'Maffezzoli', 'Thibaud', '5 r Chateaubriand', '2000', 'LAON', '1994-12-19 00:00:00'),
('o26', 'Mancini', 'Anne', '5 r D\'Agier', '48000', 'MENDE', '1995-01-05 00:00:00'),
('p32', 'Marcouiller', 'Gérard', '7 pl St Gilles', '91000', 'ISSY LES MOULINEAUX', '1992-12-24 00:00:00'),
('p40', 'Michel', 'Jean-Claude', '5 r Gabriel Péri', '61000', 'FLERS', '1992-12-14 00:00:00'),
('p41', 'Montecot', 'Françoise', '6 r Paul Valéry', '17000', 'SAINTES', '1998-07-27 00:00:00'),
('p42', 'Notini', 'Veronique', '5 r Lieut Chabal', '60000', 'BEAUVAIS', '1994-12-12 00:00:00'),
('p49', 'Onfroy', 'Den', '5 r Sidonie Jacolin', '37000', 'TOURS', '1977-10-03 00:00:00'),
('p6', 'Pascreau', 'Charles', '57 bd Mar Foch', '64000', 'PAU', '1997-03-30 00:00:00'),
('p7', 'Pernot', 'Claude-Noël', '6 r Alexandre 1 de Yougoslavie', '11000', 'NARBONNE', '1990-03-01 00:00:00'),
('p8', 'Perrier', 'Maître', '6 r Aubert Dubayet', '71000', 'CHALON SUR SAONE', '1991-06-23 00:00:00'),
('q17', 'Petit', 'Jean-Louis', '7 r Ernest Renan', '50000', 'SAINT LO', '1997-09-06 00:00:00'),
('r24', 'Piquery', 'Patrick', '9 r Vaucelles', '14000', 'CAEN', '1984-07-29 00:00:00'),
('r58', 'Quiquandon', 'Joël', '7 r Ernest Renan', '29000', 'QUIMPER', '1990-06-30 00:00:00'),
('s10', 'Retailleau', 'Josselin', '88Bis r Saumuroise', '39000', 'DOLE', '1995-11-14 00:00:00'),
('s21', 'Retailleau', 'Pascal', '32 bd Ayrault', '23000', 'MONTLUCON', '1992-09-25 00:00:00'),
('t43', 'Souron', 'Maryse', '7B r Gay Lussac', '21000', 'DIJON', '1995-03-09 00:00:00'),
('t47', 'Tiphagne', 'Patrick', '7B r Gay Lussac', '62000', 'ARRAS', '1997-08-29 00:00:00'),
('t55', 'Tréhet', 'Alain', '7D chem Barral', '12000', 'RODEZ', '1994-11-29 00:00:00'),
('t60', 'Tusseau', 'Josselin', '63 r Bon Repos', '28000', 'CHARTRES', '1991-03-29 00:00:00'),
('zzz', 'swiss', 'bourdin', NULL, NULL, NULL, '2003-06-18 00:00:00');

-- --------------------------------------------------------

--
-- Structure de la table `rapportvisite`
--

CREATE TABLE `rapportvisite` (
  `RAP_NUM` varchar(255) NOT NULL,
  `RAP_DATE` datetime DEFAULT NULL,
  `RAP_BILAN` varchar(255) DEFAULT NULL,
  `RAP_MOTIF` varchar(255) DEFAULT NULL,
  `PRA_NUM` int(11) NOT NULL,
  `VIS_MATRICULE` varchar(255) NOT NULL,
  FOREIGN KEY (`PRA_NUM`) REFERENCES `praticien`(`PRA_NUM`),
  FOREIGN KEY (`VIS_MATRICULE`) REFERENCES `visiteur`(`VIS_MATRICULE`),
  PRIMARY KEY (`RAP_NUM`)
) ENGINE=InnoDB;

--
-- Déchargement des données de la table `rapportvisite`
--

INSERT INTO `rapportvisite` (`RAP_NUM`, `RAP_DATE`, `RAP_BILAN`, `RAP_MOTIF`, `PRA_NUM`, `VIS_MATRICULE`) VALUES
('10', '2005-12-12 00:00:00', 'Diversification activité, nouveaux secteurs explorés', 'Actualisation annuelle', 33, 'a17'),
('15', '2017-09-27 00:00:00', 'En cours de spécialisation sur les produits pour la prise en charge des douleurs post-opératoires', 'Reactualisation', 17, 'zzz'),
('25', '2009-02-17 00:00:00', 'Nouveau cabinet médical', 'Prise de contact', 42, 'b28'),
('3', '2002-04-18 00:00:00', 'Médecin curieux, à recontacter en décembre pour réunion', 'Actualisation annuelle', 23, 'a131'),
('4', '2003-05-21 00:00:00', 'Changement de direction, redéfinition de la politique médicamenteuse, recours au générique', 'Baisse activité', 4, 'a17'),
('7', '2003-03-23 00:00:00', 'RAS\r Changement de tel : 05 89 89 89 89', 'Rapport Annuel', 41, 'a131');

-- --------------------------------------------------------

--
-- Structure de la table `presenter`
--

CREATE TABLE `presenter` (
  `RAP_NUM` varchar(255) NOT NULL,
  `MED_DEPOTLEGAL` varchar(255) NOT NULL,
  `Nombre_Echantillon` int(11) DEFAULT NULL,
  FOREIGN KEY (`RAP_NUM`) REFERENCES `rapportvisite`(`RAP_NUM`),
  FOREIGN KEY (`MED_DEPOTLEGAL`) REFERENCES `medicament`(`MED_DEPOTLEGAL`),
  PRIMARY KEY (`RAP_NUM`,`MED_DEPOTLEGAL`)
) ENGINE=InnoDB;

--
-- Déchargement des données de la table `presenter`
--

INSERT INTO `presenter` (`RAP_NUM`, `MED_DEPOTLEGAL`, `Nombre_Echantillon`) VALUES
('10', '3MYC7', 10),
('10', 'AMOX45', 10),
('15', 'DOLRIL7', 5),
('4', '3MYC7', 3),
('4', 'AMOX45', 12);

COMMIT;